sequence_id	sequence	sequence_aa	rev_comp	productive	complete_vdj	vj_in_frame	stop_codon	locus	v_call	d_call	j_call	c_call	sequence_alignment	sequence_alignment_aa	germline_alignment	germline_alignment_aa	junction	junction_aa	np1	np1_aa	np2	np2_aa	cdr1	cdr1_aa	cdr2	cdr2_aa	cdr3	cdr3_aa	fwr1	fwr1_aa	fwr2	fwr2_aa	fwr3	fwr3_aa	fwr4	fwr4_aa	v_score	v_identity	v_support	v_cigar	d_score	d_identity	d_support	d_cigar	j_score	j_identity	j_support	j_cigar	c_score	c_identity	c_support	c_cigar	v_sequence_start	v_sequence_end	v_germline_start	v_germline_end	v_alignment_start	v_alignment_end	d_sequence_start	d_sequence_end	d_germline_start	d_germline_end	d_alignment_start	d_alignment_end	j_sequence_start	j_sequence_end	j_germline_start	j_germline_end	j_alignment_start	j_alignment_end	cdr1_start	cdr1_end	cdr2_start	cdr2_end	cdr3_start	cdr3_end	fwr1_start	fwr1_end	fwr2_start	fwr2_end	fwr3_start	fwr3_end	fwr4_start	fwr4_end	v_sequence_alignment	v_sequence_alignment_aa	d_sequence_alignment	d_sequence_alignment_aa	j_sequence_alignment	j_sequence_alignment_aa	c_sequence_alignment	c_sequence_alignment_aa	v_germline_alignment	v_germline_alignment_aa	d_germline_alignment	d_germline_alignment_aa	j_germline_alignment	j_germline_alignment_aa	c_germline_alignment	c_germline_alignment_aa	junction_length	junction_aa_length	np1_length	np2_length	n1_length	n2_length	p3v_length	p5d_length	p3d_length	p5j_length	consensus_count	duplicate_count	cell_id	clone_id	rearrangement_id	repertoire_id	rearrangement_set_id	sequence_analysis_category	d_number	5prime_trimmed_n_nb	3prime_trimmed_n_nb	insertions	deletions	junction_decryption
M21083.1_Chicken_Ig_rearranged_lambda-chain_gene_	gcagtgactcagccggcctcggtgtcagcaaacctgggaggaaccgtcgagatcacctgctccgggagtagtggcagtggttatggctggtatcagcagaagtcacctggcagtgcccctgtcactctgatctattacaacaacaagagaccctcggacatcccttcacgattctccggttccaaatccggctccacgggcacattaaccatcactggggtccaagtcgaggacgaggctgtctattactgtgggactgcagacagcagcggtactggtgcatttggggccgggacaaccctgaccgtc		F	T	F	T	F	IGL	Galgal IGLV1S5*01 P		Galgal IGLJ*01 F		......gcagtgact...cagccggcctcg...gtgtcagcaaacctgggaggaaccgtcgagatcacctgctccggg...agtagtggc.....................agtggttatggctggtatcagcagaagtcacctggcagtgcccctgtcactctgatctattacaac.....................aacaagagaccctcggacatccct...tcacgattctccggttccaaa......tccggctccacgggcacattaaccatcactggggtccaagtcgaggacgaggctgtctattactgtgggactgcagacagcagcggtactggtgcatttggggccgggacaaccctgaccgtc	..AVT.QPAS.VSANLGGTVEITCSG.SSG.......SGYGWYQQKSPGSAPVTLIYYN.......NKRPSDIP.SRFSGSK..SGSTGTLTITGVQVEDEAVYYCGTADSSGTGAFGAGTTLTV	......gcgctgact...cagccggcctca...gtgtcagcaaacctgggaggaaccgtcaagctcacctgctccgggggtagcagtggc.....................tgtggttatggctggtatcagcagaagtcacctggcagtgcccctgtcactctgatctattacaac.....................aacaagagaccctcggacatccct...tcacgattctccggttccaaa......tccggctccacgggcacattaaccatcactggggtccaagccgaggacgaggctgtctattactgtgggaatgcagacagcagcagtactggtatatttggggccgggacaaccctgaccgtc	..ALT.QPAS.VSANLGGTVKLTCSGGSSG.......CGYGWYQQKSPGSAPVTLIYYN.......NKRPSDIP.SRFSGSK..SGSTGTLTITGVQAEDEAVYYCGNADSSSTIFGAGTTLTV	tgtgggactgcagacagcagcggtactggtgcattt	CGTADSSGTGAF					agtagtggcagtggt	SSGSG	tacaacaac	YNN	gggactgcagacagcagcggtactggtgca	GTADSSGTGA	gcagtgactcagccggcctcggtgtcagcaaacctgggaggaaccgtcgagatcacctgctccggg	AVTQPASVSANLGGTVEITCSG	tatggctggtatcagcagaagtcacctggcagtgcccctgtcactctgatctat	YGWYQQKSPGSAPVTLIY	aagagaccctcggacatcccttcacgattctccggttccaaatccggctccacgggcacattaaccatcactggggtccaagtcgaggacgaggctgtctattactgt	KRPSDIPSRFSGSKSGSTGTLTITGVQVEDEAVYYC	tttggggccgggacaaccctgaccgtc	FGAGTTLTV	1269	96.67		6N2=2X16=1X27=1X2=1X14=3D2=1X6=1X150=1X29=1X13=1X6=32S4N					142	93.75		277S2N2=2X28=4N					1	277	1	343	1	343							278	309	3	34	344	375	67	81	136	144	253	282	1	66	82	135	145	252	283	309	......gcagtgact...cagccggcctcg...gtgtcagcaaacctgggaggaaccgtcgagatcacctgctccggg...agtagtggc.....................agtggttatggctggtatcagcagaagtcacctggcagtgcccctgtcactctgatctattacaac.....................aacaagagaccctcggacatccct...tcacgattctccggttccaaa......tccggctccacgggcacattaaccatcactggggtccaagtcgaggacgaggctgtctattactgtgggactgcagacagcagcggtactg	..AVT.QPAS.VSANLGGTVEITCSG.SSG.......SGYGWYQQKSPGSAPVTLIYYN.......NKRPSDIP.SRFSGSK..SGSTGTLTITGVQVEDEAVYYCGTADSSGT			gtgcatttggggccgggacaaccctgaccgtc	AFGAGTTLTV			......gcgctgact...cagccggcctca...gtgtcagcaaacctgggaggaaccgtcaagctcacctgctccgggggtagcagtggc.....................tgtggttatggctggtatcagcagaagtcacctggcagtgcccctgtcactctgatctattacaac.....................aacaagagaccctcggacatccct...tcacgattctccggttccaaa......tccggctccacgggcacattaaccatcactggggtccaagccgaggacgaggctgtctattactgtgggaatgcagacagcagcagtactg	..ALT.QPAS.VSANLGGTVKLTCSGGSSG.......CGYGWYQQKSPGSAPVTLIYYN.......NKRPSDIP.SRFSGSK..SGSTGTLTITGVQAEDEAVYYCGNADSSST			gtatatttggggccgggacaaccctgaccgtc	IFGAGTTLTV			36	12	0		0		0	0	0	0								2 (indelcorr)	0	0	0		in FR1-IMGT, from codon 26 of V-REGION: 3 nucleotides (from position 67 in the user submitted sequence), (do not cause frameshift)	(28)-4{0}-2(8)
M21082.1_Chicken_Ig_rearranged_lambda-chain_gene_	gcgctgactcagccggcctcggtgtcagcaaacctgggaggaaccgtcgagatcacctgctccggggGTTacagcggctactatggctggtaccagcagaaggcacctggcagtgcccctgtcactgtgatctatgacaacaccaacagaccctcgaacatcccttcacgattctccggttccctatccggctccacaaacacattaaccatcactggggtccaagccgatgacgaggctgtctattactgtgggagcacagacagcatctatgttggtatatttggggccgggacaatcctgaccgtc		F	T	F	T	F	IGL	Galgal IGLV1-1*01 F, or Galgal IGLV1S1*01 F		Galgal IGLJ*01 F		......gcgctgact...cagccggcctcg...gtgtcagcaaacctgggaggaaccgtcgagatcacctgctccggggacagcggc...........................tactatggctggtaccagcagaaggcacctggcagtgcccctgtcactgtgatctatgacaac.....................accaacagaccctcgaacatccct...tcacgattctccggttcccta......tccggctccacaaacacattaaccatcactggggtccaagccgatgacgaggctgtctattactgtgggagcacagacagcatctatgttggtatatttggggccgggacaatcctgaccgtc	..ALT.QPAS.VSANLGGTVEITCSGDSG.........YYGWYQQKAPGSAPVTVIYDN.......TNRPSNIP.SRFSGSL..SGSTNTLTITGVQADDEAVYYCGSTDSIYVGIFGAGTILTV	......gcgctgact...cagccgtcctcg...gtgtcagcgaacccgggagaaaccgtcaagatcacctgctccggggataggagc...........................tactatggctggtaccagcagaaggcacctggcagtgcccctgtcactctgatctatgacaac.....................accaacagaccctcgaacatccct...tcacgattctccggttccaaa......tccggctccacagccacattaaccatcactggggtccaagccgacgacgaggctgtctattactgtgggagtgcagacagcagcagtactggtatatttggggccgggacaaccctgaccgtc	..ALT.QPSS.VSANPGETVKITCSGDRS.........YYGWYQQKAPGSAPVTLIYDN.......TNRPSNIP.SRFSGSK..SGSTATLTITGVQADDEAVYYCGSADSSSTIFGAGTTLTV	tgtgggagcacagacagcatctatgttggtatattt	CGSTDSIYVGIF					agcggctac	SGY	gacaacacc	DNT	gggagcacagacagcatctatgttggtata	GSTDSIYVGI	gcgctgactcagccggcctcggtgtcagcaaacctgggaggaaccgtcgagatcacctgctccggggac	ALTQPASVSANLGGTVEITCSGD	tatggctggtaccagcagaaggcacctggcagtgcccctgtcactgtgatctat	YGWYQQKAPGSAPVTVIY	aacagaccctcgaacatcccttcacgattctccggttccctatccggctccacaaacacattaaccatcactggggtccaagccgatgacgaggctgtctattactgt	NRPSNIPSRFSGSLSGSTNTLTITGVQADDEAVYYC	tttggggccgggacaatcctgaccgtc	FGAGTILTV	1182	93.63		6N15=1X13=1X4=1X5=1X7=1X19=1X2=2X50=1X56=2X13=2X30=1X26=2X9=1X1=2X1=2X2=35S3N					151	96.88		274S2N21=1X10=3S4N					1	274	1	343	1	343							275	306	3	34	344	375	70	78	133	141	250	279	1	69	79	132	142	249	280	306	......gcgctgact...cagccggcctcg...gtgtcagcaaacctgggaggaaccgtcgagatcacctgctccggggacagcggc...........................tactatggctggtaccagcagaaggcacctggcagtgcccctgtcactgtgatctatgacaac.....................accaacagaccctcgaacatccct...tcacgattctccggttcccta......tccggctccacaaacacattaaccatcactggggtccaagccgatgacgaggctgtctattactgtgggagcacagacagcatctatgttg	..ALT.QPAS.VSANLGGTVEITCSGDSG.........YYGWYQQKAPGSAPVTVIYDN.......TNRPSNIP.SRFSGSL..SGSTNTLTITGVQADDEAVYYCGSTDSIYV			gtatatttggggccgggacaatcctgaccgtc	IFGAGTILTV			......gcgctgact...cagccgtcctcg...gtgtcagcgaacccgggagaaaccgtcaagatcacctgctccggggataggagc...........................tactatggctggtaccagcagaaggcacctggcagtgcccctgtcactctgatctatgacaac.....................accaacagaccctcgaacatccct...tcacgattctccggttccaaa......tccggctccacagccacattaaccatcactggggtccaagccgacgacgaggctgtctattactgtgggagtgcagacagcagcagtactg	..ALT.QPSS.VSANPGETVKITCSGDRS.........YYGWYQQKAPGSAPVTLIYDN.......TNRPSNIP.SRFSGSK..SGSTATLTITGVQADDEAVYYCGSADSSST			gtatatttggggccgggacaaccctgaccgtc	IFGAGTTLTV			36	12	0		0		0	0	0	0								2 (indelcorr)	0	0	0	in FR1-IMGT at codon 26 of V-REGION: 'GTT' (3 nucleotides at position 68 to 70 in the user submitted sequence),  (do not cause frameshift);		(28)-3{0}-2(8)
M21081.1_Chicken_Ig_rearranged_lambda-chain_gene_	gcagtgactcagccggcctcggtgtcagcgaacccgggaggaaccgtcgagatcacctgctccgggggttacaacaactatggctggtatcagcagaagtctcctggcagtgcccctgtcactgtgatctatagcaacaaccagagaccctcggacatcccttcacgattctccggttccaaatccggctccacagccacattaaccatcactggggtccgagccgaggacgaggctgtctattactgtgcaaacttagacagcagctatgttggtatatttggggccgggacaaccctgaccgtc		F	T	F	T	F	IGL	Galgal IGLV1-19*02 P, or Galgal IGLV1-7*01 P		Galgal IGLJ*01 F		......gcagtgact...cagccggcctcg...gtgtcagcgaacccgggaggaaccgtcgagatcacctgctccgggggttacaac...........................aactatggctggtatcagcagaagtctcctggcagtgcccctgtcactgtgatctatagcaac.....................aaccagagaccctcggacatccct...tcacgattctccggttccaaa......tccggctccacagccacattaaccatcactggggtccgagccgaggacgaggctgtctattactgtgcaaacttagacagcagctatgttggtatatttggggccgggacaaccctgaccgtc	..AVT.QPAS.VSANPGGTVEITCSGGYN.........NYGWYQQKSPGSAPVTVIYSN.......NQRPSDIP.SRFSGSK..SGSTATLTITGVRAEDEAVYYCANLDSSYVGIFGAGTTLTV	......gcagtgact...cagccggcctcg...gtgtcagcaaacctgggaggaaccgtcgagatcacctgctccgggggtagcagcgatgat............ggaagttattactatagctggcaccagcagaagtctcctggcagtgcccctgtcactgtgatctatagcaac.....................aaccagagaccctcgaacatccct...tcacgattctccggttccaca......tccggctccacaagcacattaaccatcactggggtccaagccgacgacgaggctatctattactgtgggagctgggatagcagcnnnnntggtatatttggggccgggacaaccctgaccgtc	..AVT.QPAS.VSANLGGTVEITCSGGSSDD....GSYYYSWHQQKSPGSAPVTVIYSN.......NQRPSNIP.SRFSGST..SGSTSTLTITGVQADDEAIYYCGSWDSSXXGIFGAGTTLTV	tgtgcaaacttagacagcagctatgttggtatattt	CANLDSSYVGIF	tatgt	Y			tacaacaac	YNN	agcaacaac	SNN	gcaaacttagacagcagctatgttggtata	ANLDSSYVGI	gcagtgactcagccggcctcggtgtcagcgaacccgggaggaaccgtcgagatcacctgctccgggggt	AVTQPASVSANPGGTVEITCSGG	tatggctggtatcagcagaagtctcctggcagtgcccctgtcactgtgatctat	YGWYQQKSPGSAPVTVIY	cagagaccctcggacatcccttcacgattctccggttccaaatccggctccacagccacattaaccatcactggggtccgagccgaggacgaggctgtctattactgt	QRPSDIPSRFSGSKSGSTATLTITGVRAEDEAVYYC	tttggggccgggacaaccctgaccgtc	FGAGTTLTV	1137	91.76		6N29=1X4=1X34=2X2=1X1=15D1X5=1X5=1X1=1X63=1X27=1X13=2X23=1X6=1X9=1X12=2X1=1X2=2X2=1X6=39S10N					170	100.00		272S34=4N					1	267	1	336	1	336							273	306	1	34	342	375	70	78	133	141	250	279	1	69	79	132	142	249	280	306	......gcagtgact...cagccggcctcg...gtgtcagcgaacccgggaggaaccgtcgagatcacctgctccgggggttacaac...........................aactatggctggtatcagcagaagtctcctggcagtgcccctgtcactgtgatctatagcaac.....................aaccagagaccctcggacatccct...tcacgattctccggttccaaa......tccggctccacagccacattaaccatcactggggtccgagccgaggacgaggctgtctattactgtgcaaacttagacagcagc	..AVT.QPAS.VSANPGGTVEITCSGGYN.........NYGWYQQKSPGSAPVTVIYSN.......NQRPSDIP.SRFSGSK..SGSTATLTITGVRAEDEAVYYCANLDSS			tggtatatttggggccgggacaaccctgaccgtc	GIFGAGTTLTV			......gcagtgact...cagccggcctcg...gtgtcagcaaacctgggaggaaccgtcgagatcacctgctccgggggtagcagcgatgat............ggaagttattactatagctggcaccagcagaagtctcctggcagtgcccctgtcactgtgatctatagcaac.....................aaccagagaccctcgaacatccct...tcacgattctccggttccaca......tccggctccacaagcacattaaccatcactggggtccaagccgacgacgaggctatctattactgtgggagctgggatagcagc	..AVT.QPAS.VSANLGGTVEITCSGGSSDD....GSYYYSWHQQKSPGSAPVTVIYSN.......NQRPSNIP.SRFSGST..SGSTSTLTITGVQADDEAIYYCGSWDSS			tggtatatttggggccgggacaaccctgaccgtc	GIFGAGTTLTV			36	12	5		5		0	0	0	0								2 (indelcorr)	0	0	0			(21)-10{5}0(10)
M21080.1_Chicken_Ig_rearranged_lambda-chain_gene_	gcgctgactcagccgtcctcggtgtcagcaagcctgggaggaaccgtcaagatcacctgctccgggggtggtgccggctatgcctggttccagcagaagtcacctggcagtgcccctgtcactctgatctatgacaacaacaacagaccctcggacatcccttcacgattctccggttccaaatccggctccacagccacattaaccatcactggggtccaagtcgacgacgaggctgtctattactgtgcgagtacagacggcagcacttatgatgctatatttggggccgggacaaccctgaccgtc		F	T	F	T	F	IGL	Galgal IGLV1-11*02 P		Galgal IGLJ*01 F		......gcgctgact...cagccgtcctcg...gtgtcagcaagcctgggaggaaccgtcaagatcacctgctccgggggtggtgcc...........................ggctatgcctggttccagcagaagtcacctggcagtgcccctgtcactctgatctatgacaac.....................aacaacagaccctcggacatccct...tcacgattctccggttccaaa......tccggctccacagccacattaaccatcactggggtccaagtcgacgacgaggctgtctattactgtgcgagtacagacggcagcacttatgatgctatatttggggccgggacaaccctgaccgtc	..ALT.QPSS.VSASLGGTVKITCSGGGA.........GYAWFQQKSPGSAPVTLIYDN.......NNRPSDIP.SRFSGSK..SGSTATLTITGVQVDDEAVYYCASTDGSTYDAIFGAGTTLTV	......gcgctgact...cagccggcctcg...gtgtcagcaaacctgggaggaaccgtcaagatcacctgctccgggggtggtggc...........................agctatggctggttccagcagaagtctcctggcagtgcccctgtcactctgatctataacaac.....................aacaacagaccctcggacatccct...tcacgattctccggttccaaa......tccggctccacagccacattaaccatcactggggtccaagccgaggacgaggctgtctatttctgtggtggctacgacnnnnnnnnnnnnnnnngtatatttggggccgggacaaccctgaccgtc	..ALT.QPAS.VSANLGGTVKITCSGGGG.........SYGWFQQKSPGSAPVTLIYNN.......NNRPSDIP.SRFSGSK..SGSTATLTITGVQAEDEAVYFCGGYDXXXXXXIFGAGTTLTV	tgtgcgagtacagacggcagcacttatgatgctatattt	CASTDGSTYDAIF	ggcagcacttatga	GSTY			ggtgccggc	GAG	gacaacaac	DNN	gcgagtacagacggcagcacttatgatgctata	ASTDGSTYDAI	gcgctgactcagccgtcctcggtgtcagcaagcctgggaggaaccgtcaagatcacctgctccgggggt	ALTQPSSVSASLGGTVKITCSGG	tatgcctggttccagcagaagtcacctggcagtgcccctgtcactctgatctat	YAWFQQKSPGSAPVTLIY	aacagaccctcggacatcccttcacgattctccggttccaaatccggctccacagccacattaaccatcactggggtccaagtcgacgacgaggctgtctattactgt	NRPSDIPSRFSGSKSGSTATLTITGVQVDDEAVYYC	tttggggccgggacaaccctgaccgtc	FGAGTTLTV	1173	93.26		6N15=1X15=1X41=1X1=1X6=1X18=1X30=1X90=1X3=1X16=1X5=3X1=4X3=48S16N					151	96.88		275S2N2M1X31=4N					1	261	1	330	1	330							276	309	3	36	345	378	70	78	133	141	250	282	1	69	79	132	142	249	283	309	......gcgctgact...cagccgtcctcg...gtgtcagcaagcctgggaggaaccgtcaagatcacctgctccgggggtggtgcc...........................ggctatgcctggttccagcagaagtcacctggcagtgcccctgtcactctgatctatgacaac.....................aacaacagaccctcggacatccct...tcacgattctccggttccaaa......tccggctccacagccacattaaccatcactggggtccaagtcgacgacgaggctgtctattactgtgcgagtacagac	..ALT.QPSS.VSASLGGTVKITCSGGGA.........GYAWFQQKSPGSAPVTLIYDN.......NNRPSDIP.SRFSGSK..SGSTATLTITGVQVDDEAVYYCASTD			tgctatatttggggccgggacaaccctgaccgtc	AIFGAGTTLTV			......gcgctgact...cagccggcctcg...gtgtcagcaaacctgggaggaaccgtcaagatcacctgctccgggggtggtggc...........................agctatggctggttccagcagaagtctcctggcagtgcccctgtcactctgatctataacaac.....................aacaacagaccctcggacatccct...tcacgattctccggttccaaa......tccggctccacagccacattaaccatcactggggtccaagccgaggacgaggctgtctatttctgtggtggctacgac	..ALT.QPAS.VSANLGGTVKITCSGGGG.........SYGWFQQKSPGSAPVTLIYNN.......NNRPSDIP.SRFSGSK..SGSTATLTITGVQAEDEAVYFCGGYD			nngtatatttggggccgggacaaccctgaccgtc	XIFGAGTTLTV			39	13	14		13		0	0	0	1								2 (indelcorr)	0	0	0			(15)-16{13}+1(10)
M21079.1_Chicken_Ig_rearranged_lambda-chain_gene_	gcgctgactcagccggcctcggtgtcagcaaacctgggaggaaccgtcgagatcacctgctccgggggttacaacaactatggctggttccagcagaagtctcctggcagtgcccctgtcactgtgatctatgacaacaccaacagaccctcgaacatcccttcacgattctccggttccctctccgtattcacacacacattaaccatcactggggtccaagccgaggatgaggctgtctattactgtgggaatgcagacaacagcagtggtgcttggggccgggacaaccctgaccgtc		F	F	F	F	F	IGL	Galgal IGLV1-1*01 F		Galgal IGLJ*01 F		......gcgctgact...cagccggcctcg...gtgtcagcaaacctgggaggaaccgtcgagatcacctgctccgggggttacaac...........................aactatggctggttccagcagaagtctcctggcagtgcccctgtcactgtgatctatgacaac.....................accaacagaccctcgaacatccct...tcacgattctccggttccctc......tccgtattcacacacacattaaccatcactggggtccaagccgaggatgaggctgtctattactgtgggaatgcagacaacagcagtggtgcttggggccgggacaaccctgaccgtc	..ALT.QPAS.VSANLGGTVEITCSGGYN.........NYGWFQQKSPGSAPVTVIYDN.......TNRPSNIP.SRFSGSL..SVFTHTLTITGVQAEDEAVYYCGNADNSSGAWGRDNPDR	......gcgctgact...cagccgtcctcg...gtgtcagcgaacccgggagaaaccgtcaagatcacctgctccggggataggagc...........................tactatggctggtaccagcagaaggcacctggcagtgcccctgtcactctgatctatgacaac.....................accaacagaccctcgaacatccct...tcacgattctccggttccaaa......tccggctccacagccacattaaccatcactggggtccaagccgacgacgaggctgtctattactgtgggagtgcagacagcagcagtactgcttggggccgggacaaccctgaccgtc	..ALT.QPSS.VSANPGETVKITCSGDRS.........YYGWYQQKAPGSAPVTLIYDN.......TNRPSNIP.SRFSGSK..SGSTATLTITGVQADDEAVYYCGSADSSSTAWGRDNPDR	tgtgggaatgcagacaacagcagtggtgctt	CGNADNSSGA					tacaacaac	YNN	gacaacacc	DNT	gggaatgcagacaacagcagtggtg	GNADNSSG	gcgctgactcagccggcctcggtgtcagcaaacctgggaggaaccgtcgagatcacctgctccgggggt	ALTQPASVSANLGGTVEITCSGG	tatggctggttccagcagaagtctcctggcagtgcccctgtcactgtgatctat	YGWFQQKSPGSAPVTVIY	aacagaccctcgaacatcccttcacgattctccggttccctctccgtattcacacacacattaaccatcactggggtccaagccgaggatgaggctgtctattactgt	NRPSNIPSRFSGSLSVFTHTLTITGVQAEDEAVYYC	cttggggccgggacaaccctgaccgtc	LGAGTTLTV	1092	89.89		6N15=1X13=1X4=1X5=1X7=1X18=1X1=3X1=1X1=1X12=1X10=1X1=1X21=1X56=3X4=2X1=1X4=2X30=1X2=1X22=1X8=1X7=2X4=25S1N					116	82.35		276S9N25=4N					1	276	1	345	1	345							277	301	10	34	346	370	70	78	133	141	250	274	1	69	79	132	142	249	275	301	......gcgctgact...cagccggcctcg...gtgtcagcaaacctgggaggaaccgtcgagatcacctgctccgggggttacaac...........................aactatggctggttccagcagaagtctcctggcagtgcccctgtcactgtgatctatgacaac.....................accaacagaccctcgaacatccct...tcacgattctccggttccctc......tccgtattcacacacacattaaccatcactggggtccaagccgaggatgaggctgtctattactgtgggaatgcagacaacagcagtggtgct	..ALT.QPAS.VSANLGGTVEITCSGGYN.........NYGWFQQKSPGSAPVTVIYDN.......TNRPSNIP.SRFSGSL..SVFTHTLTITGVQAEDEAVYYCGNADNSSGA			tggggccgggacaaccctgaccgtc	WGRDNPDR			......gcgctgact...cagccgtcctcg...gtgtcagcgaacccgggagaaaccgtcaagatcacctgctccggggataggagc...........................tactatggctggtaccagcagaaggcacctggcagtgcccctgtcactctgatctatgacaac.....................accaacagaccctcgaacatccct...tcacgattctccggttccaaa......tccggctccacagccacattaaccatcactggggtccaagccgacgacgaggctgtctattactgtgggagtgcagacagcagcagtactgct	..ALT.QPSS.VSANPGETVKITCSGDRS.........YYGWYQQKAPGSAPVTLIYDN.......TNRPSNIP.SRFSGSK..SGSTATLTITGVQADDEAVYYCGSADSSSTA			tggggccgggacaaccctgaccgtc	WGRDNPDR			31		0		0		0	0	0	0								2 (indelcorr)	0	0	0			(30)-1{0}-9(1)
M21078.1_Chicken_Ig_rearranged_lambda-chain_gene_	gcgctgactcagccggcctcggtgtcagcaaacccaggagaaaccgtcaagatcacctgctccgggggtagcagctactatggctggtaccagcagaagtctcctggcagtgcccctgtcactctgatctatgacaacaccaacagaccctcggacatcccttcacgattctccggttccacatccggctccacagccacattaaccatcactggggtccaagccgaggacgaggctatctatttctgtgcgagtgcagacagcagcagtgctgcatttggggccgggacaaccctgaccgtc		F	T	F	T	F	IGL	Galgal IGLV1-1*01 F		Galgal IGLJ*01 F		......gcgctgact...cagccggcctcg...gtgtcagcaaacccaggagaaaccgtcaagatcacctgctccgggggtagcagc...........................tactatggctggtaccagcagaagtctcctggcagtgcccctgtcactctgatctatgacaac.....................accaacagaccctcggacatccct...tcacgattctccggttccaca......tccggctccacagccacattaaccatcactggggtccaagccgaggacgaggctatctatttctgtgcgagtgcagacagcagcagtgctgcatttggggccgggacaaccctgaccgtc	..ALT.QPAS.VSANPGETVKITCSGGSS.........YYGWYQQKSPGSAPVTLIYDN.......TNRPSDIP.SRFSGST..SGSTATLTITGVQAEDEAIYFCASADSSSAAFGAGTTLTV	......gcgctgact...cagccgtcctcg...gtgtcagcgaacccgggagaaaccgtcaagatcacctgctccggggataggagc...........................tactatggctggtaccagcagaaggcacctggcagtgcccctgtcactctgatctatgacaac.....................accaacagaccctcgaacatccct...tcacgattctccggttccaaa......tccggctccacagccacattaaccatcactggggtccaagccgacgacgaggctgtctattactgtgggagtgcagacagcagcagtactgcatttggggccgggacaaccctgaccgtc	..ALT.QPSS.VSANPGETVKITCSGDRS.........YYGWYQQKAPGSAPVTLIYDN.......TNRPSNIP.SRFSGSK..SGSTATLTITGVQADDEAVYYCGSADSSSTFGAGTTLTV	tgtgcgagtgcagacagcagcagtgctgcattt	CASADSSSAAF					agcagctac	SSY	gacaacacc	DNT	gcgagtgcagacagcagcagtgctgca	ASADSSSAA	gcgctgactcagccggcctcggtgtcagcaaacccaggagaaaccgtcaagatcacctgctccgggggt	ALTQPASVSANPGETVKITCSGG	tatggctggtaccagcagaagtctcctggcagtgcccctgtcactctgatctat	YGWYQQKSPGSAPVTLIY	aacagaccctcggacatcccttcacgattctccggttccacatccggctccacagccacattaaccatcactggggtccaagccgaggacgaggctatctatttctgt	NRPSDIPSRFSGSTSGSTATLTITGVQAEDEAIYFC	tttggggccgggacaaccctgaccgtc	FGAGTTLTV	1218	95.13		6N15=1X13=1X5=1X31=1X3=1X27=1X1=1X51=1X27=1X45=1X9=1X6=1X5=1X19=1X4=28S2N					140	100.00		275S6N28=4N					1	275	1	344	1	344							276	303	7	34	345	372	70	78	133	141	250	276	1	69	79	132	142	249	277	303	......gcgctgact...cagccggcctcg...gtgtcagcaaacccaggagaaaccgtcaagatcacctgctccgggggtagcagc...........................tactatggctggtaccagcagaagtctcctggcagtgcccctgtcactctgatctatgacaac.....................accaacagaccctcggacatccct...tcacgattctccggttccaca......tccggctccacagccacattaaccatcactggggtccaagccgaggacgaggctatctatttctgtgcgagtgcagacagcagcagtgctgc	..ALT.QPAS.VSANPGETVKITCSGGSS.........YYGWYQQKSPGSAPVTLIYDN.......TNRPSDIP.SRFSGST..SGSTATLTITGVQAEDEAIYFCASADSSSA			atttggggccgggacaaccctgaccgtc	FGAGTTLTV			......gcgctgact...cagccgtcctcg...gtgtcagcgaacccgggagaaaccgtcaagatcacctgctccggggataggagc...........................tactatggctggtaccagcagaaggcacctggcagtgcccctgtcactctgatctatgacaac.....................accaacagaccctcgaacatccct...tcacgattctccggttccaaa......tccggctccacagccacattaaccatcactggggtccaagccgacgacgaggctgtctattactgtgggagtgcagacagcagcagtactgc	..ALT.QPSS.VSANPGETVKITCSGDRS.........YYGWYQQKAPGSAPVTLIYDN.......TNRPSNIP.SRFSGSK..SGSTATLTITGVQADDEAVYYCGSADSSST			atttggggccgggacaaccctgaccgtc	FGAGTTLTV			33	11	0		0		0	0	0	0								2 (indelcorr)	0	0	0			(29)-2{0}-6(4)
M21077.1_Chicken_Ig_rearranged_lambda-chain_gene_	gcgctgactcagccgtcctcggtgtcagcgaacccgggaggaaccgtcaagatcacctgctccggggatagcagctactatggctggtaccagcagaaggcacctggcagtgcccctgtcactgtgatctatgacaacaccaacagaccctcgaacatcccttcacgattctccggttccaaatccggctccacagccacattaaccatcactggggtccaagtcgaggacgaggctgtctattactgtgcgagtacagacagcagcagtactgctggtatatttggggccgggacaaccctgaccgtc		F	T	F	T	F	IGL	Galgal IGLV1S1*01 F		Galgal IGLJ*01 F		......gcgctgact...cagccgtcctcg...gtgtcagcgaacccgggaggaaccgtcaagatcacctgctccggggatagcagc...........................tactatggctggtaccagcagaaggcacctggcagtgcccctgtcactgtgatctatgacaac.....................accaacagaccctcgaacatccct...tcacgattctccggttccaaa......tccggctccacagccacattaaccatcactggggtccaagtcgaggacgaggctgtctattactgtgcgagtacagacagcagcagtactgctggtatatttggggccgggacaaccctgaccgtc	..ALT.QPSS.VSANPGGTVKITCSGDSS.........YYGWYQQKAPGSAPVTVIYDN.......TNRPSNIP.SRFSGSK..SGSTATLTITGVQVEDEAVYYCASTDSSSTAGIFGAGTTLTV	......gcgctgact...cagccgtcctcg...gtgtcagcgaacccgggaggaaccgtcaagatcacctgctccggggatagcagc...........................tactatggctggtaccagcagaaggcacctggcagtgcccctgtcactgtgatctatgacaac.....................accaacagaccctcgaacatccct...tcacgattctccggttccaaa......tccggctccacagccacattaaccatcactggggtccgagccgacgacaatgctgtctattactgtgcgagtacagacagcagcagtactgctggtatatttggggccgggacaaccctgaccgtc	..ALT.QPSS.VSANPGGTVKITCSGDSS.........YYGWYQQKAPGSAPVTVIYDN.......TNRPSNIP.SRFSGSK..SGSTATLTITGVRADDNAVYYCASTDSSSTGIFGAGTTLTV	tgtgcgagtacagacagcagcagtactgctggtatattt	CASTDSSSTAGIF					agcagctac	SSY	gacaacacc	DNT	gcgagtacagacagcagcagtactgctggtata	ASTDSSSTAGI	gcgctgactcagccgtcctcggtgtcagcgaacccgggaggaaccgtcaagatcacctgctccggggat	ALTQPSSVSANPGGTVKITCSGD	tatggctggtaccagcagaaggcacctggcagtgcccctgtcactgtgatctat	YGWYQQKAPGSAPVTVIY	aacagaccctcgaacatcccttcacgattctccggttccaaatccggctccacagccacattaaccatcactggggtccaagtcgaggacgaggctgtctattactgt	NRPSNIPSRFSGSKSGSTATLTITGVQVEDEAVYYC	tttggggccgggacaaccctgaccgtc	FGAGTTLTV	1290	98.13		6N220=1X2=1X3=1X3=1X1=1X41=34S2N					170	100.00		275S34=4N					1	275	1	344	1	344							276	309	1	34	345	378	70	78	133	141	250	282	1	69	79	132	142	249	283	309	......gcgctgact...cagccgtcctcg...gtgtcagcgaacccgggaggaaccgtcaagatcacctgctccggggatagcagc...........................tactatggctggtaccagcagaaggcacctggcagtgcccctgtcactgtgatctatgacaac.....................accaacagaccctcgaacatccct...tcacgattctccggttccaaa......tccggctccacagccacattaaccatcactggggtccaagtcgaggacgaggctgtctattactgtgcgagtacagacagcagcagtactgc	..ALT.QPSS.VSANPGGTVKITCSGDSS.........YYGWYQQKAPGSAPVTVIYDN.......TNRPSNIP.SRFSGSK..SGSTATLTITGVQVEDEAVYYCASTDSSST			tggtatatttggggccgggacaaccctgaccgtc	GIFGAGTTLTV			......gcgctgact...cagccgtcctcg...gtgtcagcgaacccgggaggaaccgtcaagatcacctgctccggggatagcagc...........................tactatggctggtaccagcagaaggcacctggcagtgcccctgtcactgtgatctatgacaac.....................accaacagaccctcgaacatccct...tcacgattctccggttccaaa......tccggctccacagccacattaaccatcactggggtccgagccgacgacaatgctgtctattactgtgcgagtacagacagcagcagtactgc	..ALT.QPSS.VSANPGGTVKITCSGDSS.........YYGWYQQKAPGSAPVTVIYDN.......TNRPSNIP.SRFSGSK..SGSTATLTITGVRADDNAVYYCASTDSSST			tggtatatttggggccgggacaaccctgaccgtc	GIFGAGTTLTV			39	13	0		0		0	0	0	0								2 (indelcorr)	0	0	0			(29)-2{0}0(10)
M21076.1_Chicken_Ig_rearranged_lambda-chain_gene_	gcgctgactcagccgtcctcggtgtcagcgaacccgggaggaaccgtcaagatcacctgctccggggatagcagctactatggctggtaccagcagaaggcacctggcagtgcccctgtcactgtgatctatgacaacaccaacagaccctcgaacatcccttcacgattctccggttccaaatccggctccacagccacattaaccatcactggggtccaagtcgacgacaatgctgtctattactgtgcgagtacagacagcagcagtactgctggtatatttggggccgggacaaccctgaccgtc		F	T	F	T	F	IGL	Galgal IGLV1S1*01 F		Galgal IGLJ*01 F		......gcgctgact...cagccgtcctcg...gtgtcagcgaacccgggaggaaccgtcaagatcacctgctccggggatagcagc...........................tactatggctggtaccagcagaaggcacctggcagtgcccctgtcactgtgatctatgacaac.....................accaacagaccctcgaacatccct...tcacgattctccggttccaaa......tccggctccacagccacattaaccatcactggggtccaagtcgacgacaatgctgtctattactgtgcgagtacagacagcagcagtactgctggtatatttggggccgggacaaccctgaccgtc	..ALT.QPSS.VSANPGGTVKITCSGDSS.........YYGWYQQKAPGSAPVTVIYDN.......TNRPSNIP.SRFSGSK..SGSTATLTITGVQVDDNAVYYCASTDSSSTAGIFGAGTTLTV	......gcgctgact...cagccgtcctcg...gtgtcagcgaacccgggaggaaccgtcaagatcacctgctccggggatagcagc...........................tactatggctggtaccagcagaaggcacctggcagtgcccctgtcactgtgatctatgacaac.....................accaacagaccctcgaacatccct...tcacgattctccggttccaaa......tccggctccacagccacattaaccatcactggggtccgagccgacgacaatgctgtctattactgtgcgagtacagacagcagcagtactgctggtatatttggggccgggacaaccctgaccgtc	..ALT.QPSS.VSANPGGTVKITCSGDSS.........YYGWYQQKAPGSAPVTVIYDN.......TNRPSNIP.SRFSGSK..SGSTATLTITGVRADDNAVYYCASTDSSSTGIFGAGTTLTV	tgtgcgagtacagacagcagcagtactgctggtatattt	CASTDSSSTAGIF					agcagctac	SSY	gacaacacc	DNT	gcgagtacagacagcagcagtactgctggtata	ASTDSSSTAGI	gcgctgactcagccgtcctcggtgtcagcgaacccgggaggaaccgtcaagatcacctgctccggggat	ALTQPSSVSANPGGTVKITCSGD	tatggctggtaccagcagaaggcacctggcagtgcccctgtcactgtgatctat	YGWYQQKAPGSAPVTVIY	aacagaccctcgaacatcccttcacgattctccggttccaaatccggctccacagccacattaaccatcactggggtccaagtcgacgacaatgctgtctattactgt	NRPSNIPSRFSGSKSGSTATLTITGVQVDDNAVYYC	tttggggccgggacaaccctgaccgtc	FGAGTTLTV	1317	99.25		6N220=1X2=1X51=34S2N					170	100.00		275S34=4N					1	275	1	344	1	344							276	309	1	34	345	378	70	78	133	141	250	282	1	69	79	132	142	249	283	309	......gcgctgact...cagccgtcctcg...gtgtcagcgaacccgggaggaaccgtcaagatcacctgctccggggatagcagc...........................tactatggctggtaccagcagaaggcacctggcagtgcccctgtcactgtgatctatgacaac.....................accaacagaccctcgaacatccct...tcacgattctccggttccaaa......tccggctccacagccacattaaccatcactggggtccaagtcgacgacaatgctgtctattactgtgcgagtacagacagcagcagtactgc	..ALT.QPSS.VSANPGGTVKITCSGDSS.........YYGWYQQKAPGSAPVTVIYDN.......TNRPSNIP.SRFSGSK..SGSTATLTITGVQVDDNAVYYCASTDSSST			tggtatatttggggccgggacaaccctgaccgtc	GIFGAGTTLTV			......gcgctgact...cagccgtcctcg...gtgtcagcgaacccgggaggaaccgtcaagatcacctgctccggggatagcagc...........................tactatggctggtaccagcagaaggcacctggcagtgcccctgtcactgtgatctatgacaac.....................accaacagaccctcgaacatccct...tcacgattctccggttccaaa......tccggctccacagccacattaaccatcactggggtccgagccgacgacaatgctgtctattactgtgcgagtacagacagcagcagtactgc	..ALT.QPSS.VSANPGGTVKITCSGDSS.........YYGWYQQKAPGSAPVTVIYDN.......TNRPSNIP.SRFSGSK..SGSTATLTITGVRADDNAVYYCASTDSSST			tggtatatttggggccgggacaaccctgaccgtc	GIFGAGTTLTV			39	13	0		0		0	0	0	0								2 (indelcorr)	0	0	0			(29)-2{0}0(10)
M21075.1_Chicken_Ig_rearranged_lambda-chain_gene_	gcagtgactcagccggcctcggtgtcagcgaacccgggaggaaccgtcaagatcacctgctccggggatagcagctactatggctggtaccagcagaaggcacctggcagtgcccctgtcactgtgatctatgacaacaccaacagaccctcgaacatcccttcacgattctccggttccaaatccggctccacagccacattaaccatcactggggtccgagccgacgacaatgctgtctattattgtgggagcatagacagcagcagtactggtatatttggggccgggacaaccctgaccgtc		F	T	F	T	F	IGL	Galgal IGLV1S1*01 F		Galgal IGLJ*01 F		......gcagtgact...cagccggcctcg...gtgtcagcgaacccgggaggaaccgtcaagatcacctgctccggggatagcagc...........................tactatggctggtaccagcagaaggcacctggcagtgcccctgtcactgtgatctatgacaac.....................accaacagaccctcgaacatccct...tcacgattctccggttccaaa......tccggctccacagccacattaaccatcactggggtccgagccgacgacaatgctgtctattattgtgggagcatagacagcagcagtactggtatatttggggccgggacaaccctgaccgtc	..AVT.QPAS.VSANPGGTVKITCSGDSS.........YYGWYQQKAPGSAPVTVIYDN.......TNRPSNIP.SRFSGSK..SGSTATLTITGVRADDNAVYYCGSIDSSSTGIFGAGTTLTV	......gcgctgact...cagccgtcctcg...gtgtcagcgaacccgggaggaaccgtcaagatcacctgctccggggatagcagc...........................tactatggctggtaccagcagaaggcacctggcagtgcccctgtcactgtgatctatgacaac.....................accaacagaccctcgaacatccct...tcacgattctccggttccaaa......tccggctccacagccacattaaccatcactggggtccgagccgacgacaatgctgtctattactgtgcgagtacagacagcagcagtactggtatatttggggccgggacaaccctgaccgtc	..ALT.QPSS.VSANPGGTVKITCSGDSS.........YYGWYQQKAPGSAPVTVIYDN.......TNRPSNIP.SRFSGSK..SGSTATLTITGVRADDNAVYYCASTDSSSTIFGAGTTLTV	tgtgggagcatagacagcagcagtactggtatattt	CGSIDSSSTGIF					agcagctac	SSY	gacaacacc	DNT	gggagcatagacagcagcagtactggtata	GSIDSSSTGI	gcagtgactcagccggcctcggtgtcagcgaacccgggaggaaccgtcaagatcacctgctccggggat	AVTQPASVSANPGGTVKITCSGD	tatggctggtaccagcagaaggcacctggcagtgcccctgtcactgtgatctat	YGWYQQKAPGSAPVTVIY	aacagaccctcgaacatcccttcacgattctccggttccaaatccggctccacagccacattaaccatcactggggtccgagccgacgacaatgctgtctattattgt	NRPSNIPSRFSGSKSGSTATLTITGVRADDNAVYYC	tttggggccgggacaaccctgaccgtc	FGAGTTLTV	1272	97.38		6N2=2X11=1X229=1X4=1X3=1X1=1X17=32S3N					160	100.00		274S2N32=4N					1	274	1	343	1	343							275	306	3	34	344	375	70	78	133	141	250	279	1	69	79	132	142	249	280	306	......gcagtgact...cagccggcctcg...gtgtcagcgaacccgggaggaaccgtcaagatcacctgctccggggatagcagc...........................tactatggctggtaccagcagaaggcacctggcagtgcccctgtcactgtgatctatgacaac.....................accaacagaccctcgaacatccct...tcacgattctccggttccaaa......tccggctccacagccacattaaccatcactggggtccgagccgacgacaatgctgtctattattgtgggagcatagacagcagcagtactg	..AVT.QPAS.VSANPGGTVKITCSGDSS.........YYGWYQQKAPGSAPVTVIYDN.......TNRPSNIP.SRFSGSK..SGSTATLTITGVRADDNAVYYCGSIDSSST			gtatatttggggccgggacaaccctgaccgtc	IFGAGTTLTV			......gcgctgact...cagccgtcctcg...gtgtcagcgaacccgggaggaaccgtcaagatcacctgctccggggatagcagc...........................tactatggctggtaccagcagaaggcacctggcagtgcccctgtcactgtgatctatgacaac.....................accaacagaccctcgaacatccct...tcacgattctccggttccaaa......tccggctccacagccacattaaccatcactggggtccgagccgacgacaatgctgtctattactgtgcgagtacagacagcagcagtactg	..ALT.QPSS.VSANPGGTVKITCSGDSS.........YYGWYQQKAPGSAPVTVIYDN.......TNRPSNIP.SRFSGSK..SGSTATLTITGVRADDNAVYYCASTDSSST			gtatatttggggccgggacaaccctgaccgtc	IFGAGTTLTV			36	12	0		0		0	0	0	0								2 (indelcorr)	0	0	0			(28)-3{0}-2(8)
M21074.1_Chicken_Ig_rearranged_lambda-chain_gene_	gcgctgactcagccgtcctcggtgtcagcgaacccgggaggaaccgtcaagatcacctgctccggggatagcagctactatggctggtatcagcagaagtcacctggcagtgcccctgtcactctgatctattacaacaacaagagaccctcgaacatcccttcacgattctccggttccaaatccggctccacagccacattaaccatcactggggtccgagccgacgacaatgctgtctgttactatgcgagtacagacagcagtgctggttatgttggtatatttggggccgggacaaccctgaccgtc		F	T	F	T	F	IGL	Galgal IGLV1S1*01 F		Galgal IGLJ*01 F		......gcgctgact...cagccgtcctcg...gtgtcagcgaacccgggaggaaccgtcaagatcacctgctccggggatagcagc...........................tactatggctggtatcagcagaagtcacctggcagtgcccctgtcactctgatctattacaac.....................aacaagagaccctcgaacatccct...tcacgattctccggttccaaa......tccggctccacagccacattaaccatcactggggtccgagccgacgacaatgctgtctgttactatgcgagtacagacagcagtgctggttatgttggtatatttggggccgggacaaccctgaccgtc	..ALT.QPSS.VSANPGGTVKITCSGDSS.........YYGWYQQKSPGSAPVTLIYYN.......NKRPSNIP.SRFSGSK..SGSTATLTITGVRADDNAVCYYASTDSSAGYVGIFGAGTTLTV	......gcgctgact...cagccgtcctcg...gtgtcagcgaacccgggaggaaccgtcaagatcacctgctccggggatagcagc...........................tactatggctggtaccagcagaaggcacctggcagtgcccctgtcactgtgatctatgacaac.....................accaacagaccctcgaacatccct...tcacgattctccggttccaaa......tccggctccacagccacattaaccatcactggggtccgagccgacgacaatgctgtctattactgtgcgagtacagacagcagnnnnnnnnnnnntggtatatttggggccgggacaaccctgaccgtc	..ALT.QPSS.VSANPGGTVKITCSGDSS.........YYGWYQQKAPGSAPVTVIYDN.......TNRPSNIP.SRFSGSK..SGSTATLTITGVRADDNAVYYCASTDSXXXXGIFGAGTTLTV	tatgcgagtacagacagcagtgctggttatgttggtatattt	YASTDSSAGYVGIF	tgctggttatgt	AGY			agcagctac	SSY	tacaacaac	YNN	gcgagtacagacagcagtgctggttatgttggtata	ASTDSSAGYVGI	gcgctgactcagccgtcctcggtgtcagcgaacccgggaggaaccgtcaagatcacctgctccggggat	ALTQPSSVSANPGGTVKITCSGD	tatggctggtatcagcagaagtcacctggcagtgcccctgtcactctgatctat	YGWYQQKSPGSAPVTLIY	aagagaccctcgaacatcccttcacgattctccggttccaaatccggctccacagccacattaaccatcactggggtccgagccgacgacaatgctgtctgttactat	KRPSNIPSRFSGSKSGSTATLTITGVRADDNAVCYY	tttggggccgggacaaccctgaccgtc	FGAGTTLTV	1254	96.63		6N89=1X9=1X23=1X8=1X6=1X3=1X97=1X5=1X18=46S11N					170	100.00		278S34=4N					1	266	1	335	1	335							279	312	1	34	348	381	70	78	133	141	250	285	1	69	79	132	142	249	286	312	......gcgctgact...cagccgtcctcg...gtgtcagcgaacccgggaggaaccgtcaagatcacctgctccggggatagcagc...........................tactatggctggtatcagcagaagtcacctggcagtgcccctgtcactctgatctattacaac.....................aacaagagaccctcgaacatccct...tcacgattctccggttccaaa......tccggctccacagccacattaaccatcactggggtccgagccgacgacaatgctgtctgttactatgcgagtacagacagcag	..ALT.QPSS.VSANPGGTVKITCSGDSS.........YYGWYQQKSPGSAPVTLIYYN.......NKRPSNIP.SRFSGSK..SGSTATLTITGVRADDNAVCYYASTDS			tggtatatttggggccgggacaaccctgaccgtc	GIFGAGTTLTV			......gcgctgact...cagccgtcctcg...gtgtcagcgaacccgggaggaaccgtcaagatcacctgctccggggatagcagc...........................tactatggctggtaccagcagaaggcacctggcagtgcccctgtcactgtgatctatgacaac.....................accaacagaccctcgaacatccct...tcacgattctccggttccaaa......tccggctccacagccacattaaccatcactggggtccgagccgacgacaatgctgtctattactgtgcgagtacagacagcag	..ALT.QPSS.VSANPGGTVKITCSGDSS.........YYGWYQQKAPGSAPVTVIYDN.......TNRPSNIP.SRFSGSK..SGSTATLTITGVRADDNAVYYCASTDS			tggtatatttggggccgggacaaccctgaccgtc	GIFGAGTTLTV			42	14	12		12		0	0	0	0								2 (indelcorr)	0	0	0			(20)-11{12}0(10)
M21073.1_Chicken_Ig_rearranged_lambda-chain_gene_	gcgctgactcagccgtcctcggtgtcagcgaacccgggaggaaccgtcaagatcacctgctccgggggttacaacaactatggctggtaccagcagaagtctcctggcagtgcccttgtcactgtgatctatgacaataccaacagaccctcgaacatcccttcacgattctccggttccaaatccggctccacagccacattaaccatcactggggtccgagccgacgacaatgctgtctattactgtgcgagtacagacagcagcagtactggtatatttggggccgggacaaccctgaccgtc		F	T	F	T	F	IGL	Galgal IGLV1S1*01 F		Galgal IGLJ*01 F		......gcgctgact...cagccgtcctcg...gtgtcagcgaacccgggaggaaccgtcaagatcacctgctccgggggttacaac...........................aactatggctggtaccagcagaagtctcctggcagtgcccttgtcactgtgatctatgacaat.....................accaacagaccctcgaacatccct...tcacgattctccggttccaaa......tccggctccacagccacattaaccatcactggggtccgagccgacgacaatgctgtctattactgtgcgagtacagacagcagcagtactggtatatttggggccgggacaaccctgaccgtc	..ALT.QPSS.VSANPGGTVKITCSGGYN.........NYGWYQQKSPGSALVTVIYDN.......TNRPSNIP.SRFSGSK..SGSTATLTITGVRADDNAVYYCASTDSSSTGIFGAGTTLTV	......gcgctgact...cagccgtcctcg...gtgtcagcgaacccgggaggaaccgtcaagatcacctgctccggggatagcagc...........................tactatggctggtaccagcagaaggcacctggcagtgcccctgtcactgtgatctatgacaac.....................accaacagaccctcgaacatccct...tcacgattctccggttccaaa......tccggctccacagccacattaaccatcactggggtccgagccgacgacaatgctgtctattactgtgcgagtacagacagcagcagtactggtatatttggggccgggacaaccctgaccgtc	..ALT.QPSS.VSANPGGTVKITCSGDSS.........YYGWYQQKAPGSAPVTVIYDN.......TNRPSNIP.SRFSGSK..SGSTATLTITGVRADDNAVYYCASTDSSSTIFGAGTTLTV	tgtgcgagtacagacagcagcagtactggtatattt	CASTDSSSTGIF					tacaacaac	YNN	gacaatacc	DNT	gcgagtacagacagcagcagtactggtata	ASTDSSSTGI	gcgctgactcagccgtcctcggtgtcagcgaacccgggaggaaccgtcaagatcacctgctccgggggt	ALTQPSSVSANPGGTVKITCSGG	tatggctggtaccagcagaagtctcctggcagtgcccttgtcactgtgatctat	YGWYQQKSPGSALVTVIY	aacagaccctcgaacatcccttcacgattctccggttccaaatccggctccacagccacattaaccatcactggggtccgagccgacgacaatgctgtctattactgt	NRPSNIPSRFSGSKSGSTATLTITGVRADDNAVYYC	tttggggccgggacaaccctgaccgtc	FGAGTTLTV	1254	96.63		6N67=1X1=2X2=1X1=1X23=1X1=1X13=1X21=1X136=32S3N					160	100.00		274S2N32=4N					1	274	1	343	1	343							275	306	3	34	344	375	70	78	133	141	250	279	1	69	79	132	142	249	280	306	......gcgctgact...cagccgtcctcg...gtgtcagcgaacccgggaggaaccgtcaagatcacctgctccgggggttacaac...........................aactatggctggtaccagcagaagtctcctggcagtgcccttgtcactgtgatctatgacaat.....................accaacagaccctcgaacatccct...tcacgattctccggttccaaa......tccggctccacagccacattaaccatcactggggtccgagccgacgacaatgctgtctattactgtgcgagtacagacagcagcagtactg	..ALT.QPSS.VSANPGGTVKITCSGGYN.........NYGWYQQKSPGSALVTVIYDN.......TNRPSNIP.SRFSGSK..SGSTATLTITGVRADDNAVYYCASTDSSST			gtatatttggggccgggacaaccctgaccgtc	IFGAGTTLTV			......gcgctgact...cagccgtcctcg...gtgtcagcgaacccgggaggaaccgtcaagatcacctgctccggggatagcagc...........................tactatggctggtaccagcagaaggcacctggcagtgcccctgtcactgtgatctatgacaac.....................accaacagaccctcgaacatccct...tcacgattctccggttccaaa......tccggctccacagccacattaaccatcactggggtccgagccgacgacaatgctgtctattactgtgcgagtacagacagcagcagtactg	..ALT.QPSS.VSANPGGTVKITCSGDSS.........YYGWYQQKAPGSAPVTVIYDN.......TNRPSNIP.SRFSGSK..SGSTATLTITGVRADDNAVYYCASTDSSST			gtatatttggggccgggacaaccctgaccgtc	IFGAGTTLTV			36	12	0		0		0	0	0	0								2 (indelcorr)	0	0	0			(28)-3{0}-2(8)
M21072.1_Chicken_Ig_rearranged_lambda-chain_gene_	gcgctgactcagccgtcctcggtgtcagcgaacccgggaggaaccgtcaagatcacctgctccggggatagcagctactatggctggtaccagcagaaggcacctggcagtgcccctgtcactgtgatctatgacaacaccaacagaccctcggacatcccttcacgattctccggttccaaatccggctccacagccacattaaccatcactggggtccgagccgacgacaatgctgtctattactgtgcgagtacagacagcagcagtactgctggtatatttggggccgggacaaccctgaccgtc		F	T	F	T	F	IGL	Galgal IGLV1S1*01 F		Galgal IGLJ*01 F		......gcgctgact...cagccgtcctcg...gtgtcagcgaacccgggaggaaccgtcaagatcacctgctccggggatagcagc...........................tactatggctggtaccagcagaaggcacctggcagtgcccctgtcactgtgatctatgacaac.....................accaacagaccctcggacatccct...tcacgattctccggttccaaa......tccggctccacagccacattaaccatcactggggtccgagccgacgacaatgctgtctattactgtgcgagtacagacagcagcagtactgctggtatatttggggccgggacaaccctgaccgtc	..ALT.QPSS.VSANPGGTVKITCSGDSS.........YYGWYQQKAPGSAPVTVIYDN.......TNRPSDIP.SRFSGSK..SGSTATLTITGVRADDNAVYYCASTDSSSTAGIFGAGTTLTV	......gcgctgact...cagccgtcctcg...gtgtcagcgaacccgggaggaaccgtcaagatcacctgctccggggatagcagc...........................tactatggctggtaccagcagaaggcacctggcagtgcccctgtcactgtgatctatgacaac.....................accaacagaccctcgaacatccct...tcacgattctccggttccaaa......tccggctccacagccacattaaccatcactggggtccgagccgacgacaatgctgtctattactgtgcgagtacagacagcagcagtactgctggtatatttggggccgggacaaccctgaccgtc	..ALT.QPSS.VSANPGGTVKITCSGDSS.........YYGWYQQKAPGSAPVTVIYDN.......TNRPSNIP.SRFSGSK..SGSTATLTITGVRADDNAVYYCASTDSSSTGIFGAGTTLTV	tgtgcgagtacagacagcagcagtactgctggtatattt	CASTDSSSTAGIF					agcagctac	SSY	gacaacacc	DNT	gcgagtacagacagcagcagtactgctggtata	ASTDSSSTAGI	gcgctgactcagccgtcctcggtgtcagcgaacccgggaggaaccgtcaagatcacctgctccggggat	ALTQPSSVSANPGGTVKITCSGD	tatggctggtaccagcagaaggcacctggcagtgcccctgtcactgtgatctat	YGWYQQKAPGSAPVTVIY	aacagaccctcggacatcccttcacgattctccggttccaaatccggctccacagccacattaaccatcactggggtccgagccgacgacaatgctgtctattactgt	NRPSDIPSRFSGSKSGSTATLTITGVRADDNAVYYC	tttggggccgggacaaccctgaccgtc	FGAGTTLTV	1326	99.63		6N153=1X121=34S2N					170	100.00		275S34=4N					1	275	1	344	1	344							276	309	1	34	345	378	70	78	133	141	250	282	1	69	79	132	142	249	283	309	......gcgctgact...cagccgtcctcg...gtgtcagcgaacccgggaggaaccgtcaagatcacctgctccggggatagcagc...........................tactatggctggtaccagcagaaggcacctggcagtgcccctgtcactgtgatctatgacaac.....................accaacagaccctcggacatccct...tcacgattctccggttccaaa......tccggctccacagccacattaaccatcactggggtccgagccgacgacaatgctgtctattactgtgcgagtacagacagcagcagtactgc	..ALT.QPSS.VSANPGGTVKITCSGDSS.........YYGWYQQKAPGSAPVTVIYDN.......TNRPSDIP.SRFSGSK..SGSTATLTITGVRADDNAVYYCASTDSSST			tggtatatttggggccgggacaaccctgaccgtc	GIFGAGTTLTV			......gcgctgact...cagccgtcctcg...gtgtcagcgaacccgggaggaaccgtcaagatcacctgctccggggatagcagc...........................tactatggctggtaccagcagaaggcacctggcagtgcccctgtcactgtgatctatgacaac.....................accaacagaccctcgaacatccct...tcacgattctccggttccaaa......tccggctccacagccacattaaccatcactggggtccgagccgacgacaatgctgtctattactgtgcgagtacagacagcagcagtactgc	..ALT.QPSS.VSANPGGTVKITCSGDSS.........YYGWYQQKAPGSAPVTVIYDN.......TNRPSNIP.SRFSGSK..SGSTATLTITGVRADDNAVYYCASTDSSST			tggtatatttggggccgggacaaccctgaccgtc	GIFGAGTTLTV			39	13	0		0		0	0	0	0								2 (indelcorr)	0	0	0			(29)-2{0}0(10)
